,id,name
0,0APL_NIKpIYBjUk9PVA,cap_ebooks_non-english
1,0AD3SlcQ2V7wpUk9PVA,cap_movies_4k
2,0AN7oTWkopHs2Uk9PVA,cap_movies_documentary
3,0AAOVrOzH4cxoUk9PVA,cap_movies_kids
4,0AO-C8SMIL2_6Uk9PVA,cap_movies_non-english
5,0ALcut7VFLYwWUk9PVA,cap_movies_remux
6,0ALfQKzZCELK-Uk9PVA,cap_music2
7,0AH-4AA9TIO_YUk9PVA,cap_music4
8,0AKqJDES3b6PfUk9PVA,cap_music5
9,0AGBgIIW_zHLMUk9PVA,cap_music3
10,0AOccP4aUv4fAUk9PVA,cap_software
11,0AObA1JqUB_jQUk9PVA,cap_sports
12,0AAtj-jd3y6fYUk9PVA,cap_testing
13,0AKJP5zFT9JkZUk9PVA,cap_tv_4k
14,0ABUGbLsDcl2xUk9PVA,cap_tv_remux
15,0AK4QWEMdsBR4Uk9PVA,cap_tv_yr1
16,0AGvq6rjl2Y3wUk9PVA,cap_tv1
17,0AHswVETIrJmQUk9PVA,cap_tv4
18,0AMxtq2KDXD4SUk9PVA,cap_tv2
19,0AHEPCnndYAT2Uk9PVA,mmob_anime
20,0AN7vHUeinUXoUk9PVA,mmob_audiobooks
21,0AIPzbua81n2MUk9PVA,mmob_btn1
22,0AIBlPIOUyug6Uk9PVA,mmob_btn2
23,0ANtzDlvdWYeJUk9PVA,mmob_comics
24,0ALhBwOfEddvjUk9PVA,mmob_courses
25,0AAo_f5AsVz7-Uk9PVA,mmob_ebooks
26,0AKiSzrHmXpn6Uk9PVA,mmob_games
27,0AJlVUEvJ86k_Uk9PVA,mmob_movies
28,0AJ044m7w-_MgUk9PVA,mmob_music3
29,0AFyjCgBkwGjpUk9PVA,mmob_music4
30,0AASFip2zCo9xUk9PVA,mmob_music5
31,0AJco6NfgqLWkUk9PVA,mmob_music1
32,0AGkUQyjLJSacUk9PVA,mmob_music2
33,0AJvCV9EDP_aIUk9PVA,mmob_software
34,0AJvs28vJg7GBUk9PVA,mmob_sports
35,0AIyj1Zb95PYZUk9PVA,mmob_tv2
36,0AEVLqgjV95UmUk9PVA,mmob_tv3
37,0AFje6AWbeu3rUk9PVA,mmob_tv4
38,0AO2PtMnrrB89Uk9PVA,mmob_tv1
39,0ADUDK82uMWTfUk9PVA,zd_movies_4k
40,0AIYkun_205gGUk9PVA,zd_movies_documentary
41,0ADBiXCFjn8_EUk9PVA,zd_movies_kids
42,0AGx3Z0ilE51vUk9PVA,zd_movies_remux
43,0AC96Yu7guwjNUk9PVA,zd_thedrive
44,0AEroz1OnbohYUk9PVA,zd_tv_wip_dead
45,0AIiJGtYxGS-0Uk9PVA,zd_video
