,projectNumber,projectId,lifecycleState,name,createTime,parent
0,803945347955,syncqwerty0001,ACTIVE,syncqwerty0001,2020-07-24T10:31:33.980Z,"{'type': 'organization', 'id': '228635943927'}"
1,533574037811,synczqwds0093,ACTIVE,synczqwds0093,2020-07-22T08:14:46.576Z,"{'type': 'organization', 'id': '228635943927'}"
2,538780262315,synczqwds0092,ACTIVE,synczqwds0092,2020-07-22T08:13:09Z,"{'type': 'organization', 'id': '228635943927'}"
3,766479975573,synczqwds0091,ACTIVE,synczqwds0091,2020-07-22T08:01:30.948Z,"{'type': 'organization', 'id': '228635943927'}"
4,331873147107,lexsync0003,ACTIVE,lexsync0003,2020-07-22T02:10:09.380Z,"{'type': 'organization', 'id': '228635943927'}"
5,909420321888,synczqwds0090,ACTIVE,sync1010,2020-07-21T13:54:41.830Z,"{'type': 'organization', 'id': '228635943927'}"
6,1055464418641,synczqwds0088,ACTIVE,sync1009,2020-07-21T13:09:07.087Z,"{'type': 'organization', 'id': '228635943927'}"
7,793611892585,synczqwds0087,ACTIVE,sync1008,2020-07-21T12:55:20.763Z,"{'type': 'organization', 'id': '228635943927'}"
8,346635081213,zzplt8765qw000083,ACTIVE,,2020-07-21T12:52:24.788Z,"{'type': 'organization', 'id': '228635943927'}"
9,420698121622,syncz1008,ACTIVE,syncz1008,2020-07-21T12:39:02.355Z,"{'type': 'organization', 'id': '228635943927'}"
10,1072072440575,sync1007qqza,ACTIVE,sync1007,2020-07-21T09:25:26.111Z,"{'type': 'organization', 'id': '228635943927'}"
11,749973039988,mm-q350mpyghuew919ubgdl3bm1jie,ACTIVE,sync1007,2020-07-21T08:25:10.271Z,"{'type': 'organization', 'id': '228635943927'}"
12,150383623543,quickstart2-1595319265573,ACTIVE,Quickstart2,2020-07-21T08:14:25.795Z,"{'type': 'organization', 'id': '228635943927'}"
13,143704061684,sacopy00084,ACTIVE,,2020-07-20T12:05:27.893Z,"{'type': 'organization', 'id': '228635943927'}"
14,1027150050540,sacopy88,ACTIVE,,2020-07-20T12:00:35.691Z,"{'type': 'organization', 'id': '228635943927'}"
15,416208578766,mmobsync10101,ACTIVE,mmobsync10101,2020-07-20T09:08:23.183Z,"{'type': 'organization', 'id': '228635943927'}"
16,24091401327,mmobsync1010,ACTIVE,mmobsync1010,2020-07-20T09:07:23.582Z,"{'type': 'organization', 'id': '228635943927'}"
17,953223630090,mmobsync010010,ACTIVE,,2020-07-20T08:58:44.325Z,"{'type': 'organization', 'id': '228635943927'}"
18,343017811628,mmobsync000001,ACTIVE,,2020-07-20T08:57:39.467Z,"{'type': 'organization', 'id': '228635943927'}"
19,535236357417,mmobsync0001,ACTIVE,,2020-07-20T08:41:16.836Z,"{'type': 'organization', 'id': '228635943927'}"
20,637440657145,mmobsync1009,ACTIVE,mmobsync1009,2020-07-20T08:21:58.015Z,"{'type': 'organization', 'id': '228635943927'}"
21,462827695645,mmobsync1008,ACTIVE,,2020-07-20T08:02:38.885Z,"{'type': 'organization', 'id': '228635943927'}"
22,763830397370,mmobsync1007,ACTIVE,mmobsync1007,2020-07-20T07:59:22.351Z,"{'type': 'organization', 'id': '228635943927'}"
23,948579322348,mmobproj0001,ACTIVE,,2020-07-20T07:51:57.108Z,"{'type': 'organization', 'id': '228635943927'}"
24,39716577125,proj99999,ACTIVE,,2020-07-20T00:08:38.480Z,"{'type': 'organization', 'id': '228635943927'}"
25,785091457506,zzyx0008,ACTIVE,,2020-07-19T15:06:09.092Z,"{'type': 'organization', 'id': '228635943927'}"
26,943961321951,mmobzz0083,ACTIVE,,2020-07-19T13:57:32.615Z,"{'type': 'organization', 'id': '228635943927'}"
27,921227473211,zzsync80888,ACTIVE,,2020-07-19T13:35:02.888Z,"{'type': 'organization', 'id': '228635943927'}"
28,7608899496,sacopy0008,ACTIVE,,2020-07-19T13:31:03.757Z,"{'type': 'organization', 'id': '228635943927'}"
29,1087034338597,sasyncproj1002,ACTIVE,,2020-07-19T11:30:50.445Z,"{'type': 'organization', 'id': '228635943927'}"
30,319244694294,sasync1003,ACTIVE,,2020-07-19T11:05:37.957Z,"{'type': 'organization', 'id': '228635943927'}"
31,687396243003,sasync1002,ACTIVE,,2020-07-19T11:05:36.611Z,"{'type': 'organization', 'id': '228635943927'}"
32,322601918753,sync1007,ACTIVE,,2020-07-19T09:13:50.361Z,"{'type': 'organization', 'id': '228635943927'}"
33,394464247949,sync1006,ACTIVE,sync1006,2020-07-15T14:34:04.833Z,"{'type': 'organization', 'id': '228635943927'}"
34,106040698702,sync1005,ACTIVE,sync1005,2020-07-11T06:18:12.297Z,"{'type': 'organization', 'id': '228635943927'}"
35,981485978078,sync0003,ACTIVE,sync0003,2020-06-11T07:51:17.738Z,"{'type': 'organization', 'id': '228635943927'}"
36,930563555592,sync0001,ACTIVE,sync0001,2020-06-11T07:51:17.744Z,"{'type': 'organization', 'id': '228635943927'}"
37,599338446644,sync0002,ACTIVE,sync0002,2020-06-11T07:51:17.738Z,"{'type': 'organization', 'id': '228635943927'}"
38,295799032037,sync1003,ACTIVE,sync1003,2020-06-08T12:09:41.320Z,"{'type': 'organization', 'id': '228635943927'}"
39,269448457915,sync1002,ACTIVE,sync1002,2020-06-08T12:09:41.324Z,"{'type': 'organization', 'id': '228635943927'}"
40,166540379479,sync1004,ACTIVE,sync1004,2020-06-08T12:09:41.324Z,"{'type': 'organization', 'id': '228635943927'}"
41,1061645179618,sync1001,ACTIVE,sync1001,2020-06-08T12:09:41.314Z,"{'type': 'organization', 'id': '228635943927'}"
42,526776705236,sasync0001,ACTIVE,,2020-06-08T07:05:23.100Z,"{'type': 'organization', 'id': '228635943927'}"
43,922655443604,sasynclp3ji3,ACTIVE,,2020-06-08T02:28:46.631Z,"{'type': 'organization', 'id': '228635943927'}"
44,753147731964,saf-8b-epn9vrfz0ygpdbpruntam2s,ACTIVE,sagen99,2020-06-08T02:10:22.182Z,"{'type': 'organization', 'id': '228635943927'}"
45,473419480117,quickstart-1591582104948,ACTIVE,Quickstart,2020-06-08T02:08:26.089Z,"{'type': 'organization', 'id': '228635943927'}"
